-- phpMyAdmin SQL Dump
-- version 5.2.0
-- https://www.phpmyadmin.net/
--
-- Host: 127.0.0.1
-- Tempo de geração: 16-Maio-2023 às 04:59
-- Versão do servidor: 10.4.27-MariaDB
-- versão do PHP: 8.0.25

SET SQL_MODE = "NO_AUTO_VALUE_ON_ZERO";
START TRANSACTION;
SET time_zone = "+00:00";


/*!40101 SET @OLD_CHARACTER_SET_CLIENT=@@CHARACTER_SET_CLIENT */;
/*!40101 SET @OLD_CHARACTER_SET_RESULTS=@@CHARACTER_SET_RESULTS */;
/*!40101 SET @OLD_COLLATION_CONNECTION=@@COLLATION_CONNECTION */;
/*!40101 SET NAMES utf8mb4 */;

--
-- Banco de dados: `tcc`
--

-- --------------------------------------------------------

--
-- Estrutura da tabela `tb_adm`
--

CREATE TABLE `tb_adm` (
  `id_ADM` int(11) NOT NULL,
  `login_ADM` varchar(60) CHARACTER SET latin1 COLLATE latin1_general_cs NOT NULL,
  `senha_ADM` varchar(60) CHARACTER SET latin1 COLLATE latin1_general_cs NOT NULL
) ENGINE=InnoDB DEFAULT CHARSET=latin1 COLLATE=latin1_swedish_ci;

--
-- Extraindo dados da tabela `tb_adm`
--

INSERT INTO `tb_adm` (`id_ADM`, `login_ADM`, `senha_ADM`) VALUES
(1, 'a', 'a');

-- --------------------------------------------------------

--
-- Estrutura da tabela `tb_curso`
--

CREATE TABLE `tb_curso` (
  `id_curso` int(11) NOT NULL,
  `nome_curso` varchar(150) DEFAULT NULL,
  `requisitos` varchar(255) NOT NULL,
  `profissao` varchar(2500) NOT NULL,
  `op_trabalho` varchar(1500) NOT NULL,
  `q_vai_aprender` varchar(2500) NOT NULL,
  `preco` decimal(7,2) NOT NULL,
  `carga_horaria` varchar(60) NOT NULL,
  `id_tipo_curso` int(11) NOT NULL,
  `id_modalidade` int(11) NOT NULL,
  `nome_img` varchar(200) DEFAULT NULL
) ENGINE=InnoDB DEFAULT CHARSET=latin1 COLLATE=latin1_swedish_ci;

--
-- Extraindo dados da tabela `tb_curso`
--

INSERT INTO `tb_curso` (`id_curso`, `nome_curso`, `requisitos`, `profissao`, `op_trabalho`, `q_vai_aprender`, `preco`, `carga_horaria`, `id_tipo_curso`, `id_modalidade`, `nome_img`) VALUES
(1, 'Curso Técnico em Desenvolvimento de Sistemas', 'Ensino Médio Incompleto', 'Um dos setores mais produtivos atualmente, a TI abre espaço no mercado de trabalho para muitos profissionais. E um deles pode ser você ao fazer o Curso Técnico em Desenvolvimento de Sistemas. Com essa formação, seu futuro estará no desenvolvimento de sistemas computacionais, na linguagem de programação e análise de dados, além da manutenção de programas de computador.', 'O mercado de TI continua aquecido no Brasil, ou seja, não faltam chances para colocar em prática o conhecimento adquirido nas aulas, como:\n- Empresas de desenvolvimento de sistemas\n- Departamento de desenvolvimento de sistemas em organizações governamentais e não governamentais\n- Profissional autônomo', '- Banco de Dados\n- Desenvolvimento de Sistemas\n- Fundamentos de Eletroeletrônica Aplicada\n- Implantação de Sistemas\n- Internet das Coisas\n- Introdução a Indústria 4.0\n- Introdução a Qualidade e Produtividade\n- Introdução a Tecnologia da Informação e Comunicação\n- Introdução Ao Desenvolvimento de Projetos\n- Lógica de Programação\n- Manutenção de Sistemas\n- Modelagem de Sistemas\n- Programação de Aplicativos\n- Saúde e Segurança no Trabalho\n- Sustentabilidade nos Processos Industriais\n- Teste de Sistemas', '469.00', '24 meses', 1, 1, 'https://www.sistemafiep.org.br/cursos-tecnicos/cursos/Course33358content441477.shtml'),
(3, 'Curso Técnico em Edificações', 'Ensino Médio Incompleto', 'Um dos setores mais dinâmicos do Brasil, a área da construção precisa de profissionais competentes e preparados para preencher as vagas disponíveis no mercado. Com o Curso Técnico em Edificações, você poderá ser um deles. O diploma permitirá que você elabore o orçamento das obras, faça pesquisas tecnológicas, coordene a execução de serviços de manutenção de equipamentos e de instalações em edificações e, o mais importante, consiga um bom emprego.', 'As chances de encontrar uma vaga de trabalho bem remunerada na construção civil serão muitas. As melhores oportunidades estão em:\n- Empresas de construção civil\n- Escritórios de projetos e de construção civil\n- Canteiros de obras\n- Laboratórios de pesquisa e desenvolvimento\n- Profissional autônomo', '- Comunicação e Redação Técnica\n- Desenho Técnico de Edificações\n- Documentação Técnica e Legalização de Projetos\n- Gestão de Pessoas\n- Introdução a Construção de Edifícios\n- Logística de Canteiro e Gestão Ambiental na Construção Civil\n- Materiais e Ensaios Técnológicos\n- Mecânica dos Solos\n- Orçamento de Obras\n- Planejamento e Gestão da Produção\n- Processos Construtivos\n- Projeto Arquitetônico\n- Projeto de Instalações Elétricas e Especiais\n- Projeto Estrutural\n- Projeto Executivo\n- Projeto Final\n- Projetos de Instalações Hidráulicas, Incêndio e Gás\n- Qsms - Qualidade, Saúde, Meio Ambiente e Segurança do Trabalho na Construção Civil\n- Topografia', '289.00', '24 meses', 1, 1, 'https://www.sistemafiep.org.br/cursos-tecnicos/cursos/Course33358content435340.shtml'),
(4, 'Aperf. Pro. em Marcenaria Fina', '- Ensino Fundamental Completo\n- Comprovante de Residência\n- CPF do Aluno\n- RG do Aluno', 'Auxiliar a confeccionar peças em madeira maciça, respeitando procedimentos e normas técnicas, ambientais, de qualidade, de saúde e de segurança.', 'Diversas indústrias moveleiras.', '- Propiciar educação aos alunos para desenvolver atividades como autônomo\n- Atender a demanda dentro dos conceitos do mobiliário atual\n- Leitura e interpretação de desenhos e instruções\n- Conhecimentos dos componentes e técnicas de construção do mobiliário\n- Planejamento de processo e sequências\n- Confecção das partes manualmente: Fazer estruturas com madeira sólida\n- Trabalhar com madeira\n- Trabalhar com laminado de madeira\n- Ajuste e fixação das peças\n- Colagem\n- Instalação de ferragens dobradiça corrediça e dispositivos de montagem\n- Obtenção de dimensões precisas dentro das tolerâncias dadas\n- Realizar marcações medidas padrão necessárias nas peças conforme requerido no projeto\n- Montar móvel obedecendo, angulação e nivelamento.', '470.33', '140 horas', 2, 1, 'https://www.sistemafiep.org.br/cursos-rapidos/aperfeicoamento/Course33581content461472.shtml'),
(5, 'Aperf. Pro. em Manutenção Básica de Veículos Híbridos e Elétricos', '- Ensino Fundamental Completo\n- Comprovante de Residência\n- CPF do Aluno\n- RG do Aluno', 'Aperfeiçoamento-Reparadores de veículos, estudantes de graduação de áreas correlatas à engenharia automotiva, técnicos da área automotiva', 'Reparadores de veículos, estudantes de graduação de áreas correlatas à engenharia automotiva, técnicos da área automotivaReparadores de veículos, estudantes de graduação de áreas correlatas à engenharia automotiva, técnicos da área automotiva.', '- Tecnologia de veículos híbridos e elétricos\n- Condução e carregamento\n- Introdução à segurança com eletricidade\n- Riscos em instalações e serviços com eletricidade: o choque elétrico, mecanismos e efeitos\n- arcos elétricos\n- queimaduras e quedas\n- campos eletromagnéticos\n- Segurança em Eletrificação Veicular\n- Normas de segurança em eletricidade\n- EPI, EPC e ferramentas especiais\n- Capacitação profissional\n- o Elementos e estruturas de segurança veicular\n- Manutenção e falhas\n- Equipamento de medição e teste\n- Rotinas de trabalho - Procedimentos\n- instalações desenergizadas\n- liberação para serviços\n- sinalização\n- inspeções de áreas, serviços, ferramental e equipamento\n- Documentação de instalações elétricas e Procedimentos de emergência e resgate', '282.50', '20 horas', 2, 1, 'https://www.sistemafiep.org.br/cursos-rapidos/aperfeicoamento/Course33581content440398.shtml'),
(6, 'Aperf. Pro. em Aplicação de Revestimento Cerâmico e Porcelanato', '- Ensino fundamental incompleto.\n- Comprovante de Residência\n- CPF do Aluno\n- RG do Aluno', 'Promover o desenvolvimento de competências, de modo que os participantes apliquem revestimento cerâmicos e porcelanato, observando normas e padrões técnicos de qualidade, segurança, higiene, saúde e preservação ambiental.', 'Indústrias da Construção Civil; Construtoras; Canteiros de Obras.', '- Qualidade, Segurança, Meio ambiente e Saúde (QSMS)\n- Matemática básica\n- Tipos de argamassas colantes\n- Equipamentos e ferramentas\n- Tipos de revestimento cerâmico e classificação\n- Técnicas de aplicação de azulejo e piso cerâmico\n- Conceito de planejamento e paginação\n- Técnicas de aplicação de porcelanato.', '204.50', '60 horas', 2, 1, 'https://www.sistemafiep.org.br/cursos-rapidos/aperfeicoamento/Course33581content464625.shtml'),
(7, 'Aperf. Pro. em Confecção de Caixa de Abelha para Meliponicultura', '- Ensino Fundamental\n- Comprovante de Residência\n- CPF do Aluno\n- RG do Aluno', 'Apicultor', 'Criação de abelhas.', '- Propiciar conhecimento técnico aos alunos para desenvolver atividades autônomas\n- Caraterísticas da madeira maciça para construção de caixas\n- Dimensionamentos interno da caixa\n- Encaixe em madeira\n- Acabamento de superfície\n- Confecção manualmente das peças: fazer estruturas com madeira sólida, trabalhar com madeira, colagem e lixamentos.', '165.00', '20 horas', 2, 1, 'https://www.sistemafiep.org.br/cursos-rapidos/aperfeicoamento/Course33581content469746.shtml'),
(8, 'Aperf. Pro. em Instalação de Drywall e Paredes e Tetos Especiais', '- Ensino Fundamental I completo\n- Comprovante de Residência\n- CPF do Aluno\n- RG do Aluno', 'O curso visa atualizar competências profissionais nos participantes de modo que atuem na construção a seco, demonstrando o processo de construção e o correto uso de suas ferramentas.', 'Autonomo e Construtor de Drywall', '- Gestão\n- QSMS\n- Matemática básica\n- Apresentação do sistema\n- Tipos e materiais utilizados\n- Ferramentas utilizadas\n- Leitura de projetos\n- Locação de paredes\n- Corte dos perfis\n- Montagem da estrutura\n- Corte das chapas\n- Fixação das chapas\n- Montagem da estrutura de forros\n- Tratamento de juntas e execução de reparos\n- Apresentação de paredes especiais\n- Apresentação de forros especiais\n- Montagem da estrutura de paredes especiais\n- Montagem da estrutura de forros especiais\n- Fixação da chapa na estrutura da parede\n- Fixação da chapa na estrutura do forro e Tratamento de juntas.', '201.75', '60 horas', 2, 1, 'https://www.sistemafiep.org.br/cursos-rapidos/aperfeicoamento/Course33581content468110.shtml'),
(12, 'Tecnólogo em Design de Moda', 'Ensino Médio Completo', 'O Curso Superior de Tecnologia em Design de Moda forma profissionais com habilidades e competências necessárias para desenvolver produtos de moda e vestuário, focando em inovação, desenvolvimento de produtos, visão de oportunidades comerciais e sua interface na produção, entendimento da moda como negócio e a flexibilidade para atuar em cenários competitivos. Se você é uma pessoa criativa, que tem interesse pelas diversas manifestações artísticas e culturais e grande curiosidade em relação aos diferentes aspectos culturais da sociedade, o curso será imprescindível para desenvolver suas aptidões.', 'Campos de Atuação:\n- Empresas de confecção, fiações e tecelagens\n- Varejo de moda\n- Assessoria e consultoria de moda e tendências\n- Estúdios de design', '1º PERÍODO\n• Jornada de Aprendizagem: Projeto – Design e Criatividade\n• Desenho de moda\n• Oficina de costura\n• Modelagem industrial plana\n• Desenho técnico\n2º PERÍODO\n• Jornada de Aprendizagem: Projeto – Produto e Tecnologia\n• Materiais e tecnologia têxtil\n• História da indumentária\n• Representação gráfica digital\n• Oficina de modelagem e forma\n3º PERÍODO\n• Jornada de Aprendizagem: Projeto – Mercado e Sustentabilidade\n• História da arte e do design\n• Marketing de moda\n• Processo produtivo da confecção\n• Modelagem informatizada\n4º PERÍODO\n• Jornada de Aprendizagem: Projeto – Identidade e Empreendedorismo\n• Modelagem tridimensional\n• Comportamento empreendedor\n• Laboratório de criatividade\n• Produção de moda\n• Atividades Complementares', '1089.00', '24 meses', 3, 2, 'https://www.faculdadesdaindustria.org.br/graduacao/Course35734content413447.shtml'),
(13, 'Bacharelado em Engenharia Automotiva', 'Ensino Médio Completo', 'O curso de Engenharia Automotiva das Faculdades da Indústria tem por objetivo suprir uma demanda de mercado por profissionais comprometidos com o projeto, planejamento, desenvolvimento, utilização, gestão e manutenção de sistemas automotivos. Por meio de processos, técnicas e procedimentos que visam a qualidade e a uma visão estratégica, inovadora e tecnológica, os profissionais formados serão aptos a atender aos novos desafios da indústria da mobilidade, frente às emergentes tendências mundiais, contribuindo para o desenvolvimento pleno e sustentável do setor.', 'Campos de Atuação:\n- Indústrias com linhas de produção automatizadas, químicas, petroquímicas, de exploração e produção de petróleo, aeroespaciais, automobilística, metalmecânica, plástico, etc\n- Empresas de manutenção e reparo\n- Empresas integradoras de sistemas de automação industrial\n- Fabricantes de máquinas, componentes e equipamentos robotizados\n- Grupos de pesquisa que desenvolvam projetos na área de sistemas elétricos\n- Laboratórios de controle de qualidade', '1º Período\n• Ciência, tecnologia e sustentabilidade | 80h\n• Engenharia de protótipos e modelagem 3d | 80h\n• Design de software aplicado a engenharia | 80h\n• Jornada de Aprendizagem – Inovação e as necessidades da sociedade | 80h\n2º Período\n• Estatística orientada a ciência de dados | 80h\n• Física geral e experimental | 80h\n• Cálculo aplicado, geometria analítica e álgebra linear | 80h\n• Jornada de Aprendizagem – Tecnologia e sistemas | 80h\n3º Período\n• Análise de circuitos elétricos teórico e experimental | 80h\n• Cálculo integral e diferencial | 80h\n• Química dos materiais | 80h\n• Jornada de Aprendizagem – Gestão e viabilidade de projetos | 80h\n4º Período\n• Modelagem matemática e simulação | 80h\n• Análise e projeto de sistemas térmicos | 80h\n• Análise estrutural em sistemas mecânicos | 80h\n• Jornada de Aprendizagem – Concepção e design de produtos | 80h\n5º Período\n• Sistemas mecânicos automotivos | 80h\n• Eletrônica aplicada | 80h\n• Dinâmica dos fluídos e máquinas de fluxos | 80h\n• Jornada de Aprendizagem – Refrigeração e climatização automotiva | 80h\n6º Período\n• Motorização e transmissão automotiva | 80h\n• Análise computacional de resistência dos materiais | 80h\n• Metrologia dimensional | 80h\n• Jornada de Aprendizagem – Oficina e manutenção automotiva | 80h\n7º Período\n• Eletrônica de potência e acionamentos eletrônicos | 80h\n• Conectividade e compartilhamento veicular | 80h\n• Eletromagnetismo | 80h\n• Jornada de Aprendizagem – Sistemas embarcados e método de navegação autônoma | 80h\n8º Período\n• Vibrações mecânicas | 80h\n• Manufatura integrada – CAD / CAE | 80h\n• Dinâmica veicular e aerodinâmica | 80h\n• Jornada de Aprendizagem – Emisões veiculares e veículos de alto desempenho | 80h\n9º Período\n• Hibridização e eletrificação veicular | 80h\n• Processos de fabricação | 80h\n• Jornada de Aprendizagem – TCC | 80h\n10º Período\n• Eletiva | 80h\n• Jornadas de Aprendizagem – Estágio | 80h\n• Estágio | 160h\n• Atividades complementares | 480h', '1346.00', '60 meses', 3, 2, 'https://www.faculdadesdaindustria.org.br/graduacao/Course35734content413450.shtml'),
(14, 'Bacharelado em Engenharia de Energias', 'Ensino Médio Completo', 'O curso de Engenharia de Energias das Faculdades da Indústria tem por objetivo formar profissionais com um sólido e profundo conhecimento na área de Engenharia de Energias dando ênfase em energias renováveis, estando apto também a absorver e desenvolver novas tecnologias, estimulando sua atuação crítica e criativa na identificação e resolução de problemas voltados a área de geração energética advinda de matrizes renováveis e não renováveis, considerando seus aspectos políticos, econômicos, sociais, ambientais e culturais, com visão ética e humanística, em atendimento às demandas da sociedade.', 'Campos de Atuação:\n- Empresas de Energia (geradoras, distribuidoras, transmissoras, etc.)\n- Setor Público, criando políticas públicas na área de energia e meio ambiente\n- Desenvolvedoras de Tecnologia da área\n- Indústrias de Petróleo e Metal\n- Setor de Combustíveis\n- Serviços de consultoria em eficiência energética', '1º Período\n• Ciência, tecnologia e sustentabilidade | 80h\n• Engenharia de protótipos e modelagem 3d | 80h\n• Design de software aplicado a engenharia | 80h\n• Jornada de Aprendizagem – Inovação e as necessidades da sociedade | 80h\n2º Período\n• Estatística orientada a ciência de dados | 80h\n• Física geral e experimental | 80h\n• Cálculo aplicado, geometria analítica e álgebra linear | 80h\n• Jornada de Aprendizagem – Tecnologia e sistemas | 80h\n3º Período\n• Jornada de Aprendizagem – Tecnologia e sistemas | 80h\n• Cálculo integral e diferencial | 80h\n• Química dos materiais | 80h\n• Jornada de Aprendizagem – Gestão e viabilidade de projeto | 80h\n4º Período\n• Modelagem matemática e simulação | 80h\n• Análise e projeto de sistemas térmicos | 80h\n• Análise estrutural em sistemas mecânicos | 80h\n• Jornada de Aprendizagem – Concepção e design de produtos | 80h\n5º Período\n• Análise de circuitos elétricos avançado | 80h\n• Eletrônica aplicada | 80h\n• Dinâmica dos fluídos e máquinas de fluxos | 80h\n• Jornada de Aprendizagem – Refrigeração e climatização ambiental | 80h\n6º Período\n• Energia térmica | 80h\n• Análise computacional de resistência dos materiais | 80h\n• Análise de circuitos elétricos avançado | 80h\n• Jornada de Aprendizagem – Cogeração de energia | 80h\n7º Período\n• Eletrônica de potência e acionamentos eletrônicos | 80h\n• Geração de energia | 80h\n• Eletromagnetismo | 80h\n• Jornada de Aprendizagem – Transmissão e distribuição de energia | 80h\n8º Período\n• Vibrações mecânicas | 80h\n• Energia solar fotovoltaica | 80h\n• Tecnologia dos sistemas eólicos | 80h\n• Jornada de Aprendizagem – Projeto de instalações elétricas | 80h\n9º Período\n• Biomassa, biocombustível e biogás | 80h\n• Células combustíveis | 80h\n• Jornada de Aprendizagem – TCC | 80h\n10º Período\n• Eletiva | 80h\n• Jornadas de Aprendizagem – Estágio | 80h\n• Estágio | 160h\n• Atividades complementares | 480h', '989.00', '60 meses', 3, 2, 'https://www.faculdadesdaindustria.org.br/graduacao/Course35734content413451.shtml'),
(15, 'Especialização em Arquitetura e a Arte da Iluminação', 'Documento oficial de identidade\r\nCertidão de nascimento ou casamento \r\nCPF\r\nComprovante de residência atual (últimos 30 dias)\r\nDiploma e respectivo histórico de graduação', 'A área de iluminação é um tema complexo e necessita de uma carga horária dedicada a cada uma das especialidades da área. A iluminação cênica e iluminação funcional é abordada nos cursos de graduação de forma superficial dada a complexidade do tema. A demanda é grande por profissionais especializados na área, os profissionais formados nas áreas de arquitetura, design e engenharia procuram esse tema em específico para se aperfeiçoar e ampliar os conhecimentos na área para proporcionar ambientes mais aconchegantes, eficientes e adequados a proposta do uso.', 'O curso destina-se a profissionais e alunos graduados na área de design de interiores, arquitetura, engenharia civil, engenharia elétrica, design de produto e interessados em especializar-se em iluminação.', 'Arte, Design e Iluminação (história da iluminação e introdução sobre saber ver)          | 16h\r\nConceitos básicos da luminotécnica, iluminação e superfícies | 16h\r\nTécnicas e  Tecnologias da iluminação | 24h\r\nCriação de Luminárias e detalhamento de iluminação de mobiliários | 16h\r\nProcesso criativo do projeto de iluminação | 16h\r\nCálculo luminotécnico manual | 16h\r\nCálculo luminotécnico – softwares para interiores | 24h\r\nCálculo luminotécnico – softwares para exteriores | 24h\r\nProjeto de iluminação de interiores residencial | 32h\r\nProjeto de iluminação de interiores de restaurantes e ambientes gastronômicos | 32h\r\nProjeto de iluminação de interiores comerciais – bares e casas de show  | 32h\r\nProjeto de iluminação de Interiores Comerciais – Museus e lojas | 32h\r\nProjeto de iluminação de paisagismo e fachadas | 32h\r\nProjeto de iluminação de espaços de serviço e corporativos | 32h\r\nIluminação natural e artificial e eficiência energética | 16h', '499.00', '18 meses', 4, 2, 'https://www.faculdadesdaindustria.org.br/pos-graduacao/Course35758content470624.shtml'),
(16, 'Especialização em Gerenciamento de Obras', 'Documento oficial de identidade\r\nCertidão de nascimento ou casamento \r\nCPF\r\nComprovante de residência atual (últimos 30 dias)\r\nDiploma e respectivo histórico de graduação', 'Uma grande parcela das perdas de eficiência na construção civil é causada por problemas relacionados a deficiências técnicas e de gestão como: planejamento deficiente, não atendimento às normas técnicas do setor, desconhecimento das causas das patologias das edificações, projetos deficientes, má gestão da mão-de-obra e falta de monitoramento do processo de construção. O mercado de trabalho necessita de um profissional completo, que atue nas empresas de construção civil de forma estratégica, que saiba mapear os processos e integrá-los de maneira otimizada, racionalizar material e mão de obra, e por fim implementar ações para melhorias nos processos administrativos e de produção. A procura por profissionais com este perfil, tem sido cada vez maior, pois existe um grande crescimento da construção civil nos últimos anos.', 'O curso de Especialização em Gerenciamento de Obras é aberto a candidatos diplomados em cursos de graduação ou demais cursos superiores e que atendam às exigências das instituições de ensino. É voltado à profissionais com formação em cursos nas áreas de Engenharia e áreas afins, que desejam atuar no desenvolvimento, implementação e gerenciamento de obras.', 'Planejamento e Controle de Obras | 24h\r\nViabilidade econômica e incorporação de empreendimentos | 24h\r\nLean Construction | 24h\r\nMetodologias BIM para projetos | 24h\r\nInovação Tecnológica na Construção Civil | 24h\r\nFerramentas de gestão e medição do desempenho – Power BI | 24h\r\nDesempenho das construções de acordo com a NBR 15575 | 24h\r\nRequisitos de Desempenho habitacional: Sustentabilidade, Segurança e Habitabilidade | 24h\r\nGestão do Projeto Colaborativo e Integração de Modelos | 24h\r\nSimulação do Planejamento e Controle de Custos em modelos paramétricos | 24h\r\nLiderança Colaborativa e Gestão de Pessoas | 24h\r\nLegislação e contratos na Construção Civil | 24h\r\nGestão de Suprimentos e Logística Lean | 24h\r\nGestão Integrada de empreendimentos (QSMS) | 24h\r\nManifestações Patológicas, Prevenção e Tratamento | 24h', '499.00', '18 meses', 4, 2, 'https://www.faculdadesdaindustria.org.br/pos-graduacao/Course35758content470625.shtml'),
(17, 'Gerenciamento de Projetos', 'Documento oficial de identidade\r\nCertidão de nascimento ou casamento \r\nCPF\r\nComprovante de residência atual (últimos 30 dias)\r\nDiploma e respectivo histórico de graduação', 'O curso tem como objetivo formar profissionais com visão estratégica global da Gestão de Projetos, em sintonia com as melhores práticas mundiais.', 'Profissionais graduados que possuem um perfil dinâmico e inovador, interessados em adquirir conhecimentos e a capacidade efetiva de conduzir projetos sob uma visão ampla (negócios, técnica e humana) e estratégica.', 'A Nova Gestão de Projetos | 24h\r\nEstratégia Corporativa e Princípios de Gestão | 24h\r\nIdealização de Projetos e Análise de Viabilidade | 24h\r\nAbordagens para o Desenvolvimento de Projetos | 24h\r\nProjeto Integrador: Idealizando e Validando Soluções (Pré-Projeto) | 36h\r\nPlanejamento de Projetos | 36h\r\nLiderando Equipes de Projetos | 24h\r\nGestão Financeira de Projetos | 24h\r\nProjeto Integrador: Planejando e Organizando Projetos | 24h\r\nGerindo Valor | 24h\r\nProjeto Integrador: Implementando e Validando Soluções | 24h\r\nQualidade Total e Mensurações de Desempenho | 24h\r\nRiscos, Incertezas, Adaptabilidade e Resiliência | 24h\r\nProjeto Integrador: Entregando e Demonstrando Resultados | 24h', '499.00', '18 meses', 4, 2, 'https://www.faculdadesdaindustria.org.br/pos-graduacao/Course35758content427136.shtml'),
(18, 'Relações Trabalhistas e Negociações Sindicais', 'Documento oficial de identidade\r\nCertidão de nascimento ou casamento \r\nCPF\r\nComprovante de residência atual (últimos 30 dias)\r\nDiploma e respectivo histórico de graduação', 'O curso tem por objetivo contribuir para a formação de profissionais especializados na área trabalhista coletiva e que saibam enfrentar os desafios que estão surgindo com as novas perspectivas sindicais: maior capacidade de negociação, uma visão mais abrangente das relações de trabalho e uma compreensão mais detalhada das nuances e da dinâmica do das negociações sindicais.', 'Gestores, advogados, profissionais de RH ou graduados em outras áreas do conhecimento, interessados nas relações coletivas de trabalho e na dinâmica dos pressupostos dessa área, que envolve o Direito do Trabalho, Sindicatos dos trabalhadores e de empregadores, empresas e Poder Judiciário.', 'Relações Trabalhistas 1 | 100 horas\r\n\r\nRelações Trabalhistas 2 | 100 horas\r\n\r\nRelações Coletivas de Trabalho | 60 horas\r\n\r\nNegociações Sindicais | 100 horas\r\n\r\nTOTAL: 360 horas', '781.00', '12 meses', 4, 2, 'https://www.faculdadesdaindustria.org.br/pos-graduacao/Course35758content461427.shtml'),
(39, 'Aperf. Prof. em Comunicação Eficaz', '- Ensino Fundamental Incompleto\r\n- Comprovante de Residência\r\n- CPF do Aluno\r\n- RG do Aluno', 'Promover aos participantes a capacidade de aperfeiçoar habilidades na comunicação eficaz.', '- Mais possibilidades de conquistar um emprego ou uma promoção\r\n- Infraestrutura com laboratórios equipados e com materiais para aprendizado inclusos\r\n- É rápido conquistar um diploma de qualidade\r\n- As empresas confiam em quem faz Senai\r\n- Professores com grande experiência no mercado\r\n- Aulas teóricas e práticas. Aqui você aprende fazendo\r\n- Descontos para quem trabalha na indústria\r\n\r\n', '- Autoconfiança\r\n- Imagem pessoal\r\n- Planejamento da apresentação\r\n- Organização do discurso e argumentação\r\n- Comunicação no contexto da apresentação\r\n- Recursos pessoais: voz, olhar e postura\r\n- Controle emocional nas apresentações.\r\n\r\n', '130.00', '8 horas', 2, 1, 'https://www.sistemafiep.org.br/cursos-rapidos/aperfeicoamento/Course33581content418920.shtml'),
(40, 'Aperf. Pro. em Adminstração do Tempo', '- Ensino Fundamental Incompleto\r\n- Comprovante de Residência\r\n- CPF do Aluno\r\n- RG do Aluno\r\n', '- Mais possibilidades de conquistar um emprego ou uma promoção\r\n- Infraestrutura com laboratórios equipados e com materiais para aprendizado inclusos\r\n- É rápido conquistar um diploma de qualidade\r\n- As empresas confiam em quem faz Senai\r\n- Professores com grande experiência no mercado\r\n- Aulas teóricas e práticas. Aqui você aprende fazendo\r\n- Descontos para quem trabalha na indústria', 'Capacitar os treinandos a simplificarem seu trabalho através de planejamento e controle de suas atividades. Habilitar os participantes a utilizarem o tempo de forma eficaz.', '- Administração do tempo: Diagnóstico do uso do tempo\r\n- Porque administrar o tempo\r\n- Conceitos, características e tipos\r\n- Atitudes de utilização e desperdício do tempo\r\n- produtividade e redução de estresse\r\n- Ferramentas de administração do tempo, soluções práticas (para excesso de tarefas, de papéis, de interrupções, de telefonemas, de reuniões\r\n- para tendência à procrastinação)\r\n- Gerenciadores de informações pessoais\r\n- Atitudes e comportamentos eficientes, eficazes e efetivos\r\n- Qualidade de vida aplicada na administração do tempo.\r\n', '130.00', '8 horas', 2, 1, 'https://www.sistemafiep.org.br/cursos-rapidos/aperfeicoamento/Course33581content368455.shtml'),
(41, 'Aperf. Prof. em AutoCAD - Básico ', '- Ensino Fundamental Incompleto\r\n- Comprovante de Residência\r\n- CPF do Aluno\r\n- RG do Aluno', 'Cadista ou desenhista cadista é o termo usado para designar os profissionais que trabalham utilizando um programa CAD (Computer Aided Design), ou em português Desenho Auxiliado por Computador.', '- Mais possibilidades de conquistar um emprego ou uma promoção\r\n- Infraestrutura com laboratórios equipados e com materiais para aprendizado inclusos\r\n- É rápido conquistar um diploma de qualidade\r\n- As empresas confiam em quem faz Senai\r\n- Professores com grande experiência no mercado\r\n- Aulas teóricas e práticas. Aqui você aprende fazendo\r\n- Descontos para quem trabalha na indústria', '- Apresentação do software\r\n- Modos de trabalho no AutoCAD\r\n- Organizar o ambiente de trabalho\r\n- A tela do AutoCAD\r\n- Cursor de tela\r\n- Unidades de medida\r\n- Funções úteis - undo e redo\r\n- Criação de objetos básicos\r\n- Modos de seleção de objetos\r\n- Métodos de visualização\r\n- Modo ortho\r\n- Função osnap\r\n- Sistemas de coordenadas absolutas, relativas e relativas polares\r\n- Dist\r\n- Circle\r\n- Offset\r\n- Fillet\r\n- Copy\r\n- Scale\r\n- Move\r\n- Trim\r\n- Extend\r\n- Retangle\r\n- Arc\r\n- Explode\r\n- Rotare\r\n- Layers\r\n- Funções de precisão\r\n- Inserir e editar textos\r\n- Blocos\r\n- Dimensionamento\r\n- Prática de projetos arquitetônicos\r\n- Impressão.', '330.00', '24 horas', 1, 1, 'https://www.sistemafiep.org.br/cursos-rapidos/aperfeicoamento/Course33581content368409.shtml'),
(42, 'Aperf. Prof. em CCNA v.7 - Comutação, Roteamento e Conceitos de Rede sem Fio', '- Ensino Médio\r\n- Comprovante de Residência\r\n- CPF do Aluno\r\n- RG do Aluno', 'O currículo do Curso Cisco Networking Academy CCNAv7 foi desenvolvido para alunos que buscam empregos de nível básico no setor de TIC ou esperam cumprir os pré-requisitos para buscar habilidades mais especializadas em TIC. Os alunos deste curso estão expostos a todo o conhecimento fundamental necessário para detectar, analisar e escalonar ameaças básicas à segurança cibernética usando ferramentas comuns de código aberto.', 'Neste currículo, os participantes da Cisco Networking Academy desenvolvem habilidades de preparação para a força de trabalho e criam uma base para o sucesso em carreiras relacionadas a redes e programas de graduação. Os alunos aprendem, aplicam e praticam conhecimentos e habilidades do CCNA por meio', '- 1 - CONFIGURAÇÃO BÁSICA DE DISPOSITIVOS\r\n- 1.1 - Configurar um Switch com Definições Iniciais\r\n- 1.1.1 - Sequência de inicialização do switch\r\n- 1.1.2 - O comando boot system\r\n- 1.1.3 - Alternar indicadores LED\r\n- 1.1.4 - Recuperando de um travamento de sistema\r\n- 1.1.5 - Acesso ao gerenciamento de switches\r\n- 1.1.6 - Exemplo de Configuração do SVI do Switch\r\n- 1.1.7 - Laboratório - Configuração básica de switch\r\n- 1.2 - Configurar Portas de Switch\r\n- 1.2.1 - Comunicação duplex\r\n- 1.2.2 - Configurar as portas de switch na camada física\r\n- 1.2.3 - MDIX Automático\r\n- 1.2.4 - Comandos de verificação de switch\r\n- 1.2.5 - Verifique a configuração da porta do switch\r\n- 1.2.6 - Problemas da camada de acesso à rede\r\n- 1.2.7 - Erros de entrada e saída de interface\r\n- 1.2.8 - Solucionando problemas da camada de acesso à rede\r\n- 1.2.9 - Verificador de sintaxe - Configurar portas de switch\r\n- 1.3 - Acesso Remoto Seguro\r\n- 1.3.1 - Operação Telnet\r\n- 1.3.2 - Operação SSH\r\n- 1.3.3 - Verifique se o Switch suporta SSH\r\n- 1.3.4 - Configurar SSH\r\n- 1.3.5 - Verifique se o SSH está operacional\r\n- 1.3.6 - Rastreador de pacotes - Configurar SSH\r\n- 1.4 - Configuração Básica do Roteador\r\n- 1.4.1 - Definir configurações básicas do roteador\r\n- 1.4.2 - Verificador de sintaxe - Configurar configurações básicas do roteador\r\n- 1.4.3 - Topologia de pilha dupla\r\n- 1.4.4 - Configurar Interfaces do Roteador\r\n- 1.4.5 - Verificador de Sintaxe - Configurar Interfaces de Roteador\r\n- 1.4.6 - Interfaces de Loopback IPv4\r\n- 1.4.7 - Packet Tracer - Configurar interfaces de roteador\r\n- 1.5 - Verificar Redes Conectadas Diretamente\r\n- 1.5.1 - Comandos de verificação de interface\r\n- 1.5.2 - Verificar o status da interface\r\n- 1.5.3 - Verificar endereços locais e multicast de link IPv6\r\n- 1.5.4 - Verificação da Configuração de uma Interface\r\n- 1.5.5 - Verificar rotas\r\n- 1.5.6 - Filtrar saída do comando show\r\n- 1.5.7 - Verificador de Sintaxe - Saída do Comando Filter Show\r\n- 1.5.8 - Recurso de histórico de comandos\r\n- 1.5.9 - Verificador de sintaxe - Recursos do histórico de comandos\r\n- 1.5.10 - Packet Tracer - Verificar redes diretamente conectadas\r\n- 1.5.11 - Verifique o seu entendimento - Verifique as redes diretamente conectadas\r\n- 2 - CONCEITOS DE SWITCHING\r\n- 2.1 - Encaminhamento de Quadros\r\n- 2.1.1 - Comutação em rede\r\n- 2.1.2 - A tabela de endereços MAC do switch\r\n- 2.1.3 - O Método de aprendizado e encaminhamento do Switch\r\n- 2.1.4 - Vídeo - Tabelas de endereços MAC em switches conectados\r\n- 2.', '700.00', '80 horas', 2, 1, 'https://www.sistemafiep.org.br/cursos-rapidos/aperfeicoamento/Course33581content451962.shtml'),
(43, 'Aperf. Prof. em CCNA v.7 - Introdução às Redes', '- Ensino médio\r\n- Comprovante de Residência\r\n- CPF do Aluno\r\n- RG do Aluno', 'O currículo do Curso Cisco Networking Academy CCNAv7 foi desenvolvido para alunos que buscam empregos de nível básico no setor de TIC ou esperam cumprir os pré-requisitos para buscar habilidades mais especializadas em TIC. Os alunos deste curso estão expostos a todo o conhecimento fundamental necessário para detectar, analisar e escalonar ameaças básicas à segurança cibernética usando ferramentas comuns de código aberto.', 'Neste currículo, os participantes da Cisco Networking Academy desenvolvem habilidades de preparação para a força de trabalho e criam uma base para o sucesso em carreiras relacionadas a redes e programas de graduação. Os alunos aprendem, aplicam e praticam conhecimentos e habilidades do CCNA por meio', '- 1 - As redes de hoje\r\n- 2 - Switch básico e configuração de dispositivo final\r\n- 3 - Protocolos e modelos\r\n- 4 - Camada física\r\n- 5 - Sistema de números\r\n- 6 - Camada de link de dados\r\n- 7 - Switching Ethernet\r\n- 8 - Camada de rede\r\n- 9 - Resolução de endereço\r\n- 10 - Configuração básica do roteador\r\n- 11 - Endereçamento IPv4\r\n- 12 - Endereçamento IPv6\r\n- 13 - ICMP\r\n- 14 - Camada de transporte\r\n- 15 - Camada de aplicação\r\n- 16 - Fundamentos de segurança de rede\r\n- 17 - Criação de uma pequena rede.\r\n\r\n', '817.00', '80 horas', 2, 1, 'https://www.sistemafiep.org.br/cursos-rapidos/aperfeicoamento/Course33581content451957.shtml'),
(44, 'Aperf. Prof. em Comandos Elétricos Industriais', '- Ensino Fundamental Incompleto\r\n- Comprovante de Residência\r\n- CPF do Aluno\r\n- RG do Aluno', 'executar montagem e manutenção de painéis de comando de sistemas elétricos de máquinas e equipamentos, de acordo com normas técnicas, ambientais, de qualidade e de segurança e saúde no trabalho.', '- Mais possibilidades de conquistar um emprego ou uma promoção\r\n- Infraestrutura com laboratórios equipados e com materiais para aprendizado inclusos\r\n- É rápido conquistar um diploma de qualidade\r\n- As empresas confiam em quem faz Senai\r\n- Professores com grande experiência no mercado\r\n- Aulas teóricas e práticas. Aqui você aprende fazendo\r\n- Descontos para quem trabalha na indústria\r\n\r\n', '- Instalação de contadores\r\n- Disjuntores motores\r\n- Relés térmicos\r\n- Botoeiras\r\n- Sinais luminosos e sonoros\r\n- Montagem de painéis de máquinas\r\n- Partidas de motores elétricos (direta, direta com reversão, estrela/triângulo com e sem reversão, compensada)\r\n- Temporizadores\r\n- Transformadores de comando e potência.', '435.00', '20 horas', 2, 1, 'https://www.sistemafiep.org.br/cursos-rapidos/aperfeicoamento/Course33581content439751.shtml'),
(46, 'Aperf. Prof. em Eletroeletrônica Analógica Veicular', '- Ensino Fundamental Completo\r\n- Comprovante de Residência\r\n- CPF do Aluno\r\n- RG do Aluno\r\n', 'O profissional estará apto a reconhecer componentes e sistemas eletroeletrônicos veiculares, interpretar diagramas elétricos e utilizar instrumentos de medição elétrica a fim de diagnosticar e solucionar problemas de ordem elétrica.', 'Indústrias automotivas; Concessionárias; Mecânicas automotivas, entre outros.', '- Fundamentos de Eletricidade: Grandezas Elétricas\r\n- Leis de Ohm\r\n- Leis de Kirchhoff\r\n- Circuitos Elétricos\r\n- Instrumentos de Medição\r\n- Componentes e Diagramas Automotivos\r\n- Eletrônica Analógica\r\n- Componentes Eletrônicos\r\n- Circuitos Amplificadores\r\n- Circuitos Reguladores de tensão\r\n- Circuitos Temporizadores.', '735.00', '60 horas', 2, 1, 'https://www.sistemafiep.org.br/cursos-rapidos/aperfeicoamento/Course33581content467538.shtml'),
(47, 'Aperf. Prof. em Instalação de Painéis Fotovoltaicos', '- Ensino Médio Incompleto\r\n- Comprovante de Residência\r\n- CPF do Aluno\r\n- RG do Aluno', ' Instalação de Placa Solar/Painel Solar', 'Transmitir aos participantes os conceitos básicos em relação aos painéis fotovoltaicos.', '- Táticas e argumentos técnicos comerciais para auxílio na venda de sistemas fotovoltaicos\r\n- Montagem em solo da base de fixação nos perfis conforme projeto\r\n- Colocação em solo da abraçadeira de PVC\r\n- Fixação do perfil na cobertura\r\n- Instalação das strings no QFV\r\n- Conexão do aterramento da estrutura no QFV\r\n- Conexão elétrica entre os módulos.\r\n\r\n', '710.00', '16 horas', 1, 1, 'https://www.sistemafiep.org.br/cursos-rapidos/aperfeicoamento/Course33581content439166.shtml'),
(48, 'Aperf. Prof. em Instalação Hidráulica Básica', '- Ensino Fundamental Incompleto\r\n- Comprovante de Residência\r\n- CPF do Aluno\r\n- RG do Aluno', 'O encanador é um profissional da construção civil cujo trabalho é instalar e prover a manutenção de sistemas hidráulicos (água e esgoto) de residências, estabelecimentos e indústrias.', 'Capacitar os alunos para que possam atuar com a execução ou manutenção de instalações hidráulicas prediais, seguindo as normas da ABNT, ambientais e de segurança no trabalho.', '- Interpretar as normas técnicas de instalações de água fria, água quente e esgoto prediais\r\n- Interpretar projetos de Instalações hidráulicas\r\n- Reconhecer os materiais, equipamentos e ferramentas para instalações hidráulicas\r\n- Diferenciar os principais sistemas de fornecimento de água fria e esgoto sanitário\r\n- Diferenciar os principais processos de aquecimento de água\r\n- Executar montagem de instalações de água fria\r\n- Executar montagem de instalações de água quente\r\n- Executar montagem de instalações sanitárias\r\n- Elaborar lista de material conforme projeto específico\r\n- Elaborar orçamento de material.', '807.00', '60 horas', 2, 1, 'https://www.sistemafiep.org.br/cursos-rapidos/aperfeicoamento/Course33581content438973.shtml'),
(49, 'Aperf. Prof. em Marcenaria em MDF', '- Ensino Fundamental\r\n- Comprovante de Residência\r\n- CPF do Aluno\r\n- RG do Aluno', 'Construir móveis em MDF (chapas) com as técnicas dos mobiliários planejados, aplicando na prática os conceitos teóricos vistos em sala de aula. Todo os materiais (Kits) já estão inclusos no curso e os móveis que o aluno desenvolve no curso, ficam com o aluno. Ele é ministrado sob a supervisão de um especialista, trabalhando em conformidade com as normas legais e procedimentos técnicos de qualidade, de saúde e segurança e preservação ambiental.', 'Marcenarias, lojas e indústrias de móveis, entre outros.', '- Leitura e interpretação projetos de cozinhas\r\n- Leitura e interpretação projetos de quartos\r\n- Leitura e interpretação projetos de salas\r\n- Leitura e interpretação projetos de objetos decorativos\r\n- Conhecimentos dos componentes e técnicas de construção do mobiliário\r\n- Formação de preço\r\n- Elementos estruturais dos móveis\r\n- Sistema 32 de furação\r\n- Montagem de peças\r\n- Ajuste e fixação das peças\r\n- Colagem em madeira\r\n- Fita de borda\r\n- Instalação de ferragens dobradiça corrediça e dispositivos de montagem\r\n- Realizar marcações medidas padrão necessárias nas peças conforme requerido no projeto\r\n- Montar as peças obedecendo, angulação e nivelamento\r\n- Desenvolver atividades com autonomia.', '1893.00', '160 horas', 1, 1, 'https://www.sistemafiep.org.br/cursos-rapidos/aperfeicoamento/Course33581content469964.shtml'),
(50, 'Aperf. Prof. em Montagem de Sistema de Construção a Seco em Wood Frame', '- FUNDAMENTAL COMPLETO\r\n- Comprovante de Residência\r\n- CPF do Aluno\r\n- RG do Aluno', 'Promover o desenvolvimento de competências, de modo que os participantes realizem montagem de sistemas de construção a seco em wood frame, observando normas e procedimentos técnicos de segurança, qualidade, higiene saúde e preservação ambiental.', 'Canteiros de obras, fábricas de montagem', '- Evolução da construção em madeira\r\n- Madeira para construção e suas propriedades\r\n- Normas\r\n- Tipos de conexões e fixações\r\n- Sistema Construtivo Wood Frame\r\n- Cobertura\r\n- Escada\r\n- Leitura e intepretação de projeto\r\n- Tipos de fundações\r\n- Transporte e logística\r\n- Montagem e ancoragem\r\n- Capacidades sociais, organizativas e metodológicas\r\n- Segurança do trabalho\r\n- Aulas Práticas.', '1460.00', '80 horas', 2, 1, 'https://www.sistemafiep.org.br/cursos-rapidos/aperfeicoamento/Course33581content467435.shtml'),
(51, 'Aperf. Prof. em Noções de Eletricidade Predial', '- Ensino Fundamental\r\n- Comprovante de Residência\r\n- CPF do Aluno\r\n- RG do Aluno', 'Auxiliar na instalaçãos, manutenções elétricas prediais de baixa tensão respeitando procedimentos e normas técnicas, ambientais, de qualidade, de saúde e segurança.', 'Idústrias em geral.', '- Noções de Segurança em Eletricidade: choque elétrico\r\n- Equipamentos de Proteção Coletiva (EPC) e Equipamentos de Proteção Individual (EPI)\r\n- Norma Regulamentadora nº 10 (NR-10)\r\n- Noções de Eletricidade Básica: grandezas elétricas, circuitos elétricos, medidas elétricas, sistema elétrico brasileiro.', '590.00', '48 horas', 2, 1, '590,00'),
(52, 'Aperf. Prof. em Projetos de Sistemas Fotovoltaicos', '- Ensino Fundamental Completo\r\n- Comprovante de Residência\r\n- CPF do Aluno\r\n- RG do Aluno', 'O projetista fotovoltaico pode atuar em empresas do setor de energia solar como projetista fotovoltaico ou ainda em funções que necessitam dos conhecimentos técnicos de um projeto de energia solar como: departamento de vendas, compras, suporte técnico ao cliente e outros.', 'Desenvolver todos os processos técnicos necessários para o dimensionamento e elaboração de um projeto fotovoltaico, de acordo com normas técnicas de segurança, qualidade, higiene e preservação ambiental.', '- O MERCADO DE ENERGIAS RENOVÁVEIS NO BRASIL: Introdução à energia solar fotovoltaica\r\n- Panorama atualizado do mercado\r\n- A matriz energética do Brasil\r\n- Breve histórico. CONCEITOS ESSENCIAIS EM ELETRICIDADE: Unidades e grandezas elétricas\r\n- Conceitos de circuitos elétricos\r\n- Componentes elétricos. CONCEITOS EM ENERGIA SOLAR: O sol como fonte de energia\r\n- Terminologias de energia solar fotovoltaica\r\n- Horas de sol a pico\r\n- O perfil solar do Brasil\r\n- Interpretação de Atlas Solarimétricos. EQUIPAMENTOS FOTOVOLTAICOS: Módulos fotovoltaicos\r\n- Inversores\r\n- Baterias\r\n- Controladores de carga\r\n- Equipamentos adicionais. SISTEMAS ON-GRID: Características dos sistemas ON-GRID\r\n- Passo a passo detalhado do cálculo de um projeto ON-GRID\r\n- Diagrama elétrico\r\n- Estimativa de custos\r\n- Cálculo de payback simples. NOÇÕES SOBRE LEGISLAÇÃO VIGENTE PARA MICROGERAÇÃO DISTRIBUÍDA: Estudo dos pontos essenciais das normas 482 e 687 da Aneel\r\n- Estudo das regras e documentação de homologação junto às principais concessionárias. SISTEMAS OFF-GRID: Características dos sistemas OFF-GRID\r\n- Passo a passo do cálculo de um projeto OFF-GRID.', '720.00', '20 horas', 2, 1, 'https://www.sistemafiep.org.br/cursos-rapidos/aperfeicoamento/Course33581content416932.shtml'),
(53, 'Aperf. Prof. em Segurança em Eletrificação Veicular', '- Ensino Fundamental Incompleto\r\n- Comprovante de Residência\r\n- CPF do Aluno\r\n- RG do Aluno', 'Desenvolver competências que permitam executar suas atividades relacionadas à eletricidade veicular de forma segura e de acordo com a legislação. Os principais temas são: riscos em instalações e serviços com eletricidade, normas e legislação, EPI e EPC, capacitação profissional, rotinas de trabalho', 'O profissional estará apto a identificar os principais sistemas de segurança existentes em veículos híbridos e elétricos, bem como as demandas por práticas e equipamentos de segurança envolvendo atividades de diagnóstico e manutenção destes veículos.', '- Introdução à segurança com eletricidade\r\n- Riscos em instalações e serviços com eletricidade: o choque elétrico\r\n- mecanismos e efeitos\r\n- arcos elétricos\r\n- queimaduras e quedas\r\n- campos eletromagnéticos\r\n- Segurança em Eletrificação Veicular: Normas de segurança em eletricidade\r\n- EPI, EPC e ferramentas especiais\r\n- Capacitação profissional\r\n- Elementos e estruturas de segurança veicular\r\n- Rotinas de trabalho - Procedimentos: instalações desenergizadas\r\n- liberação para serviços\r\n- sinalização\r\n- inspeções de áreas, serviços, ferramental e equipamento\r\n- Documentação de instalações elétricas\r\n- Procedimentos de emergência e resgate.', '435.00', '16 horas', 1, 1, 'https://www.sistemafiep.org.br/cursos-rapidos/aperfeicoamento/Course33581content440188.shtml'),
(55, 'Aperf. Prof. em Sistemas de Energias Renováveis', '- Fundamental completo\r\n- Comprovante de Residência\r\n- CPF do Aluno\r\n- RG do Aluno', 'Implementar sistemas fotovoltaicos conectados à rede (on grid) e sistemas fotovoltaicos isolados (off grid), considerando a legislação, normas, padrões e requisitos técnicos, de qualidade, saúde e segurança e de meio ambiente.', 'Implementar sistemas fotovoltaicos conectados à rede (on grid) e sistemas fotovoltaicos isolados (off grid), considerando a legislação, normas, padrões e requisitos técnicos, de qualidade, saúde e segurança e de meio ambiente.', '- Instaladores de sistemas solares, vendedores técnicos de sistemas de energia renovável, técnicos em instalações elétricas prediais, acadêmicos de engenharias correlatas, alunos diplomados em nível técnico, entusiastas da área eletroeletrônica e industrial.', '217.00', '16 horas', 2, 1, 'https://www.sistemafiep.org.br/cursos-rapidos/aperfeicoamento/Course33581content426683.shtml'),
(56, 'Aperf. Prof.l em Técnicas de Costura Industrial Básica', '- Ensino Fundamental Incompleto\r\n- Comprovante de Residência\r\n- CPF do Aluno\r\n- RG do Aluno', 'Promover o desenvolvimento de competências, de modo que os participantes aprendam e executem técnicas de costura industrial básica, de acordo com normas técnicas de segurança, qualidade, saúde, higiene e preservação ambiental.', '- Mais possibilidades de conquistar um emprego ou uma promoção\r\n- Infraestrutura com laboratórios equipados e com materiais para aprendizado inclusos\r\n- É rápido conquistar um diploma de qualidade\r\n- As empresas confiam em quem faz Senai\r\n- Professores com grande experiência no mercado\r\n- Aulas teóricas e práticas. Aqui você aprende fazendo\r\n- Descontos para quem trabalha na indústria', '- Acionamento e controle do pedal da máquina de costura\r\n- Colocação de linha superior e inferior na máquina\r\n- Troca de agulha de máquina e de cada linha\r\n- Exercícios: costuras retas, curvas, circulares, arremates, apliques, pespontos, alinhamento de piques e união de curvas, costura de bainhas.', '350.00', '40 horas', 2, 1, 'https://www.sistemafiep.org.br/cursos-rapidos/aperfeicoamento/Course33581content368853.shtml'),
(57, 'Aperf. Prof. em Tecnologia Fotovoltaica', '- Fundamental completo\r\n- Comprovante de Residência\r\n- CPF do Aluno\r\n- RG do Aluno', 'Implementar sistemas fotovoltaicos conectados à rede (on grid) e sistemas fotovoltaicos isolados (off grid), considerando a legislação, normas, padrões e requisitos técnicos, de qualidade, saúde e segurança e de meio ambiente.', '- Mais possibilidades de conquistar um emprego ou uma promoção\r\n- Infraestrutura com laboratórios equipados e com materiais para aprendizado inclusos\r\n- É rápido conquistar um diploma de qualidade\r\n- As empresas confiam em quem faz Senai\r\n- Professores com grande experiência no mercado\r\n- Aulas teóricas e práticas. Aqui você aprende fazendo\r\n- Descontos para quem trabalha na indústria', '- Utilizar recursos de softwares e aplicativos básicos dedicados à elaboração de diferentes tipos de textos técnicos\r\n- Interpretar dados, informações, terminologias e especificações técnicas contidas em diferentes tipos de documentos relacionados a sistemas fotovoltaicos, inclusive em dispositivos móveis e sites de busca\r\n- Reconhecer diferentes tipos, características e as finalidades de documentos técnicos que apresentam referências e que orientam a realização de atividades em contextos de trabalho na montagem, instalação e manutenção de sistemas fotovoltaicos\r\n- Reconhecer o conceito e os princípios da energia solar e da Solarimetria que se aplicam a sistemas fotovoltaicos\r\n- Reconhecer diferentes tipos, características e funções de componentes mecânicos e elétricos empregados em sistemas fotovoltaicos.\r\n\r\n', '1199.00', '40 horas', 2, 1, 'https://www.sistemafiep.org.br/cursos-rapidos/aperfeicoamento/Course33581content436211.shtml');
INSERT INTO `tb_curso` (`id_curso`, `nome_curso`, `requisitos`, `profissao`, `op_trabalho`, `q_vai_aprender`, `preco`, `carga_horaria`, `id_tipo_curso`, `id_modalidade`, `nome_img`) VALUES
(59, 'Qualif. Prof. em Costureiro Sob Medida - Modelagem, Corte e Costura', '- Ensino Fundamental Incompleto\r\n- Comprovante de Residência\r\n- CPF do Aluno\r\n- RG do Aluno\r\n', 'Desenvolver nos alunos as capacidades necessárias para atuarem como Costureiros sob Medida - Modelagem, Corte e Costura, de modo que sejam absorvidos pelo mercado de trabalho paranaense, contribuindo para o processo de geração de emprego e renda, bem como de promoção do desenvolvimento local e regional.', 'Indústrias têxteis, confecções, trabalho autônomo, entre outros.', '- Medir com fita métrica\r\n- Identificar as partes do corpo humano, aplicando conceitos de antropometria\r\n- Tirar medidas do corpo humano\r\n- Calcular metragens\r\n- Selecionar o material para a construção do molde\r\n- Riscar o vértice do ângulo reto no papel\r\n- Transpor as medidas para o papel, considerando as linhas de referência do corpo humano\r\n- Traçar o molde, definindo o sentido de urdume e marcações necessárias\r\n- Cortar o molde\r\n- Realizar o estudo de encaixe do molde no tecido, obedecendo à orientação do molde (urdume) e suas marcações internas e externas\r\n- Riscar o tecido com acréscimo de margens de costura, considerando a máquina e o acabamento\r\n- Cortar o tecido com tesoura\r\n- Preparar partes da peça que exigem vinco, entretela, pesponto, entre outros, de acordo com o modelo\r\n- Planejamento e organização do trabalho\r\n- Sistema métrico\r\n- Matérias-Primas\r\n- Tecidos\r\n- Aviamentos e Acessórios\r\n- Qualidade e produtividade\r\n- Operações de costura\r\n- Normas de segurança e saúde no trabalho\r\n- Noções de geometria\r\n- Linhas retas, curvas, paralelas, perpendiculares, diagonais, horizontais, verticais, ângulos reto, obtuso\r\n- Operações básicas de matemática: Adição\r\n- Subtração\r\n- Divisão e multiplicação\r\n- Noções sobre Fração\r\n- Material para molde e corte: Papel\r\n- Alinhavar as partes que compõem a peça\r\n- Realizar a prova da peça, fazendo os ajustes necessários\r\n- Regular o ponto da máquina, de acordo com fio/linha, agulha e tecido\r\n- Costurar a peça em máquina, seguindo as indicações do alinhavo e os ajustes realizados, assentando a costura com ferro de passar, sempre que necessário\r\n- Realizar o acabamento da peça, de acordo com o modelo\r\n- Passar a peça com ferro, na temperatura indicada para o tecido\r\n- Fita métrica\r\n- Esquadro\r\n- Régua curva\r\n- Régua de quadril\r\n- Tesoura\r\n- Carretilha\r\n- Vazador\r\n- Furador\r\n- Giz de alfaiate\r\n- Alfinete\r\n- Lápis preto e de diferentes cores\r\n- Borracha\r\n- Material para costura: Tesoura\r\n- Agulha\r\n- Linha\r\n- Abridor de casa\r\n- Ferro de passar\r\n- Alfinetes\r\n- Máquinas de costura: reta e overloque ou zigue-zague\r\n- Normas ambientais, descarte de resíduos\r\n- Operações comuns em diferentes máquinas: Passagem de fio/linha\r\n- Regulagem de ponto\r\n- Controle de pedal\r\n- Operações em máquina reta: Retrocesso\r\n- Paradas em pontos determinados\r\n- União de retas e curvas\r\n- Diferentes pespontos.', '1504.00', '160 horas', 2, 1, 'https://www.sistemafiep.org.br/cursos-rapidos/cursos/Course33553content470530.shtml'),
(61, 'Qualif. Prof. em Instalador Hidráulico II', '- Ensino Fundamental Incompleto\r\n- Comprovante de Residência\r\n- CPF do Aluno\r\n- RG do Aluno', 'Realizar formação, qualificação e atualização tecnológica relativa à utilização, aplicação de tubos, conexões e acessórios no segmento da construção civil.', 'Realizar formação, qualificação e atualização tecnológica relativa à utilização, aplicação de tubos, conexões e acessórios no segmento da construção civil.', '- Apresentação\r\n- Habilidade básica\r\n- Introdução\r\n- Habilidades específicas\r\n- Habilidades de Execução\r\n- Reforço de conteúdo.', '1386.00', '160 horas', 1, 1, 'https://www.sistemafiep.org.br/cursos-rapidos/cursos/Course33553content436292.shtml'),
(62, 'Qualif. Prof. em Mestre de Obras', '- Ensino Fundamental Incompleto\r\n- Comprovante de Residência\r\n- CPF do Aluno\r\n- RG do Aluno', 'A construção de seus novos sonhos acontece com o Curso de Qualificação Profissional para Mestre de Obras. Você aprenderá como funciona a organização do canteiro de obras, conhecerá as técnicas e os materiais empregados e entenderá o desenho espacial, criando condições para garantir a qualidade, a segurança no trabalho e a preservação ambiental.', 'O setor de construção civil continua sendo uma das grandes fontes de trabalho no Brasil, abrindo muitas oportunidades em:\r\n- Empresas de engenharia e arquitetura\r\n- Empresas de construção civil\r\n- Canteiros de obras\r\n- Profissional autônomo', '- Fundamentos da Qualidade e Produtividade (8h)\r\n- Saúde e Segurança no Trabalho (12h)\r\n- Fundamentos da Indústria 4.0 (12h)\r\n- Fundamentos da Tecnologia da Informação e Comunicação (20h)\r\n- Sustentabilidade nos Processos Industriais (8h)\r\n- Fundamentos e Tecnologias da Construção Civil - Edificações (40h)\r\n- Planejamento na Execução de Projetos de Obras (60h)\r\n- Novas Tecnologias na Gestão de Canteiros de Obras (30h)\r\n- Gestão de Atividades em Canteiros de Obras (30h)\r\n- Gestão de Equipes em Canteiros de Obras (60h)\r\n- Controles na Execução de Obras (60h)\r\n- Gestão de Resíduos em Canteiros de Obras (20h).', '2681.00', '360 horas', 1, 1, 'https://www.sistemafiep.org.br/cursos-rapidos/cursos/Course33553content436274.shtml'),
(63, 'Curso Técnico em Modelagem do Vestuário', '- Ensino Médio Incompleto', 'A modelagem vai além dos tradicionais cortes de tecido e confecção de peças, já que a nova geração dos técnicos em Modelagem do Vestuário utiliza ferramentas de computação gráfica para moda, técnicas de modelagem bi e tridimensionais, a fim de desenvolver projetos de moda e elaborar desenhos e fichas técnicas. A área permitirá que você trabalhe como supervisor ou invista ainda em seu próprio negócio e no seu futuro.', 'Com as habilidades adquiridas, o profissional pode atuar em diferentes fases do processo de fabricação e na gestão das empresas, como:\r\n- Indústrias de confecção do vestuário\r\n- Assessoria em modelagem\r\n- Empresas de desenvolvimento de produtos e projetos\r\n- Lojas e estúdios\r\n- Ateliês de costura e figurino\r\n- Consultoria em produção para TV, teatro, cinema e desfiles\r\n- Profissional autônomo', '- Construção de Tabelas e Desenvolvimento de Bases\r\n- Fundamentos da Moda\r\n- Gestão de Equipes de Trabalho\r\n- Gestão dos Processos de Modelagem do Vestuário e Inspeção da Qualidade\r\n- Introdução a Produção do Vestuário\r\n- Modelagem Industrial do Vestuário: Plana, Tridimensional e Informatizada\r\n- Pré-projeto\r\n- Prototipagem de Produtos do Vestuário\r\n- Qualidade, Saúde, Meio Ambiente e Segurança\r\n- Tecnologias da Comunicação\r\n- Trabalho de Conclusão de Curso', '369.00', '18 meses', 1, 1, 'https://www.sistemafiep.org.br/cursos-tecnicos/cursos/Course33358content435334.shtml'),
(64, 'Tecnólogia em Design em Moda', 'Ensino médio completo ', 'O Curso Superior de Tecnologia em Design de Moda forma profissionais com habilidades e competências necessárias para desenvolver produtos de moda e vestuário, focando em inovação, desenvolvimento de produtos, visão de oportunidades comerciais e sua interface na produção, entendimento da moda como negócio e a flexibilidade para atuar em cenários competitivos.\r\n\r\nSe você é uma pessoa criativa, que tem interesse pelas diversas manifestações artísticas e culturais e grande curiosidade em relação aos diferentes aspectos culturais da sociedade, o curso será imprescindível para desenvolver suas aptidões.', 'Empresas de confecção, fiações e tecelagens\r\n\r\nVarejo de moda\r\n\r\nAssessoria e consultoria de moda e tendências\r\n\r\nEstúdios de design', '1º PERÍODO\r\n• Jornada de Aprendizagem: Projeto – Design e Criatividade\r\n• Desenho de moda\r\n• Oficina de costura\r\n• Modelagem industrial plana\r\n• Desenho técnico\r\n2º PERÍODO\r\n• Jornada de Aprendizagem: Projeto – Produto e Tecnologia\r\n• Materiais e tecnologia têxtil\r\n• História da indumentária\r\n• Representação gráfica digital\r\n• Oficina de modelagem e forma\r\n3º PERÍODO\r\n• Jornada de Aprendizagem: Projeto – Mercado e Sustentabilidade\r\n• História da arte e do design\r\n• Marketing de moda\r\n• Processo produtivo da confecção\r\n• Modelagem informatizada\r\n4º PERÍODO\r\n• Jornada de Aprendizagem: Projeto – Identidade e Empreendedorismo\r\n• Modelagem tridimensional\r\n• Comportamento empreendedor\r\n• Laboratório de criatividade\r\n• Produção de moda\r\n• Atividades Complementares\r\nTotal: 1660h', '1089.00', '24 meses', 1, 1, 'https://www.faculdadesdaindustria.org.br/graduacao/Course35734content413447.shtml'),
(65, 'Bacharelado em Engenharia Automotiva', 'Ensinio Médio Completo', 'O curso de Engenharia Automotiva das Faculdades da Indústria tem por objetivo suprir uma demanda de mercado por profissionais comprometidos com o projeto, planejamento, desenvolvimento, utilização, gestão e manutenção de sistemas automotivos.\r\n\r\nPor meio de processos, técnicas e procedimentos que visam a qualidade e a uma visão estratégica, inovadora e tecnológica, os profissionais formados serão aptos a atender aos novos desafios da indústria da mobilidade, frente às emergentes tendências mundiais, contribuindo para o desenvolvimento pleno e sustentável do setor.', 'Indústrias com linhas de produção automatizadas, químicas, petroquímicas, de exploração e produção de petróleo, aeroespaciais, automobilística, metalmecânica, plástico, etc\r\n\r\nEmpresas de manutenção e reparo\r\n\r\nEmpresas integradoras de sistemas de automação industrial\r\n\r\nFabricantes de máquinas, componentes e equipamentos robotizados\r\n\r\nGrupos de pesquisa que desenvolvam projetos na área de sistemas elétricos\r\n\r\nLaboratórios de controle de qualidade', '1º Período\r\n• Ciência, tecnologia e sustentabilidade | 80h\r\n• Engenharia de protótipos e modelagem 3d | 80h\r\n• Design de software aplicado a engenharia | 80h\r\n• Jornada de Aprendizagem – Inovação e as necessidades da sociedade |\r\n80h\r\n2º Período\r\n• Estatística orientada a ciência de dados | 80h\r\n• Física geral e experimental | 80h\r\n• Cálculo aplicado, geometria analítica e álgebra linear | 80h\r\n• Jornada de Aprendizagem – Tecnologia e sistemas | 80h\r\n3º Período\r\n• Análise de circuitos elétricos teórico e experimental | 80h\r\n• Cálculo integral e diferencial | 80h\r\n• Química dos materiais | 80h\r\n• Jornada de Aprendizagem – Gestão e viabilidade de projetos | 80h\r\n4º Período\r\n• Modelagem matemática e simulação | 80h\r\n• Análise e projeto de sistemas térmicos | 80h\r\n• Análise estrutural em sistemas mecânicos | 80h\r\n• Jornada de Aprendizagem – Concepção e design de produtos | 80h\r\n5º Período\r\n• Sistemas mecânicos automotivos | 80h\r\n• Eletrônica aplicada | 80h\r\n• Dinâmica dos fluídos e máquinas de fluxos | 80h\r\n• Jornada de Aprendizagem – Refrigeração e climatização automotiva |\r\n80h\r\n6º Período\r\n• Motorização e transmissão automotiva | 80h\r\n• Análise computacional de resistência dos materiais | 80h\r\n• Metrologia dimensional | 80h\r\n• Jornada de Aprendizagem – Oficina e manutenção automotiva | 80h\r\n7º Período\r\n• Eletrônica de potência e acionamentos eletrônicos | 80h\r\n• Conectividade e compartilhamento veicular | 80h\r\n• Eletromagnetismo | 80h\r\n• Jornada de Aprendizagem – Sistemas embarcados e método de\r\nnavegação autônoma | 80h\r\n8º Período\r\n• Vibrações mecânicas | 80h\r\n• Manufatura integrada – CAD / CAE | 80h\r\n• Dinâmica veicular e aerodinâmica | 80h\r\n• Jornada de Aprendizagem – Emisões veiculares e veículos de alto\r\ndesempenho | 80h\r\n9º Período\r\n• Hibridização e eletrificação veicular | 80h\r\n• Processos de fabricação | 80h\r\n• Jornada de Aprendizagem – TCC | 80h\r\n10º Período\r\n• Eletiva | 80h\r\n• Jornadas de Aprendizagem – Estágio | 80h\r\n• Estágio | 160h\r\n• Atividades complementares | 480h\r\nTotal: 3.600', '1346.00', '60 meses', 1, 1, 'https://www.faculdadesdaindustria.org.br/graduacao/Course35734content413450.shtml'),
(66, 'Bacharelado em Engearia de Energias', 'Ensino Médio Completo', 'O curso de Engenharia de Energias das Faculdades da Indústria tem por objetivo formar profissionais com um sólido e profundo conhecimento na área de Engenharia de Energias dando ênfase em energias renováveis, estando apto também a absorver e desenvolver novas tecnologias, estimulando sua atuação crítica e criativa na identificação e resolução de problemas voltados a área de geração energética advinda de matrizes renováveis e não renováveis, considerando seus aspectos políticos, econômicos, sociais, ambientais e culturais, com visão ética e humanística, em atendimento às demandas da sociedade.', 'Empresas de Energia (geradoras, distribuidoras, transmissoras, etc.)\r\n\r\nSetor Público, criando políticas públicas na área de energia e meio ambiente\r\n\r\nDesenvolvedoras de Tecnologia da área\r\n\r\nIndústrias de Petróleo e Metal\r\n\r\nSetor de Combustíveis\r\n\r\nServiços de consultoria em eficiência energética', '1º Período\r\n• Ciência, tecnologia e sustentabilidade | 80h\r\n• Engenharia de protótipos e modelagem 3d | 80h\r\n• Design de software aplicado a engenharia | 80h\r\n• Jornada de Aprendizagem – Inovação e as necessidades da sociedade |\r\n80h\r\n2º Período\r\n• Estatística orientada a ciência de dados | 80h\r\n• Física geral e experimental | 80h\r\n• Cálculo aplicado, geometria analítica e álgebra linear | 80h\r\n• Jornada de Aprendizagem – Tecnologia e sistemas | 80h\r\n3º Período\r\n• Jornada de Aprendizagem – Tecnologia e sistemas | 80h\r\n• Cálculo integral e diferencial | 80h\r\n• Química dos materiais | 80h\r\n• Jornada de Aprendizagem – Gestão e viabilidade de projeto | 80h\r\n4º Período\r\n• Modelagem matemática e simulação | 80h\r\n• Análise e projeto de sistemas térmicos | 80h\r\n• Análise estrutural em sistemas mecânicos | 80h\r\n• Jornada de Aprendizagem – Concepção e design de produtos | 80h\r\n5º Período\r\n• Análise de circuitos elétricos avançado | 80h\r\n• Eletrônica aplicada | 80h• Dinâmica dos fluídos e máquinas de fluxos | 80h\r\n• Jornada de Aprendizagem – Refrigeração e climatização ambiental |\r\n80h\r\n6º Período\r\n• Energia térmica | 80h\r\n• Análise computacional de resistência dos materiais | 80h\r\n• Análise de circuitos elétricos avançado | 80h\r\n• Jornada de Aprendizagem – Cogeração de energia | 80h\r\n7º Período\r\n• Eletrônica de potência e acionamentos eletrônicos | 80h\r\n• Geração de energia | 80h\r\n• Eletromagnetismo | 80h\r\n• Jornada de Aprendizagem – Transmissão e distribuição de energia | 80h\r\n8º Período\r\n• Vibrações mecânicas | 80h\r\n• Energia solar fotovoltaica | 80h\r\n• Tecnologia dos sistemas eólicos | 80h\r\n• Jornada de Aprendizagem – Projeto de instalações elétricas | 80h\r\n9º Período\r\n• Biomassa, biocombustível e biogás | 80h\r\n• Células combustíveis | 80h\r\n• Jornada de Aprendizagem – TCC | 80h\r\n10º Período\r\n• Eletiva | 80h\r\n• Jornadas de Aprendizagem – Estágio | 80h\r\n• Estágio | 160h Atividades complementares | 480h\r\nTotal: 3.600', '989.00', '60 meses', 1, 1, 'https://www.faculdadesdaindustria.org.br/graduacao/Course35734content413451.shtml');

-- --------------------------------------------------------

--
-- Estrutura da tabela `tb_lab`
--

CREATE TABLE `tb_lab` (
  `id_lab` int(11) NOT NULL,
  `nome_lab` varchar(150) NOT NULL,
  `txt_laboratorio` varchar(2500) NOT NULL,
  `caminho_img` varchar(250) NOT NULL
) ENGINE=InnoDB DEFAULT CHARSET=utf8mb4 COLLATE=utf8mb4_general_ci;

--
-- Extraindo dados da tabela `tb_lab`
--

INSERT INTO `tb_lab` (`id_lab`, `nome_lab`, `txt_laboratorio`, `caminho_img`) VALUES
(1, 'Laboratorio de Jogos', 'TESTE 1', 'Imagens\\1\\Placa Lab jogos.jpeg'),
(2, 'Laboratorio 002', 'TESTE 2', 'Imagens\\2\\2.jpeg'),
(3, 'Laboratorio 003', 'TESTE 3', 'Imagens\\3\\3.jpeg'),
(4, 'Laboratorio 004', 'TESTE 4', 'Imagens\\4\\4.jpeg'),
(5, 'Laboratorio 005', 'TESTE 5', 'Imagens\\5\\5.jpeg'),
(6, 'Laboratorio 006', 'TESTE 6', 'Imagens\\6\\6.jpeg');

-- --------------------------------------------------------

--
-- Estrutura da tabela `tb_modalidade`
--

CREATE TABLE `tb_modalidade` (
  `id_modalidade` int(11) NOT NULL,
  `modalidade` varchar(60) NOT NULL
) ENGINE=InnoDB DEFAULT CHARSET=latin1 COLLATE=latin1_swedish_ci;

--
-- Extraindo dados da tabela `tb_modalidade`
--

INSERT INTO `tb_modalidade` (`id_modalidade`, `modalidade`) VALUES
(1, 'Cursos Profissionalizantes'),
(2, 'Cursos Superiores'),
(3, '');

-- --------------------------------------------------------

--
-- Estrutura da tabela `tb_tipo_curso`
--

CREATE TABLE `tb_tipo_curso` (
  `id_tipo_curso` int(11) NOT NULL,
  `tipo_curso` varchar(60) DEFAULT NULL,
  `id_modalidade` int(11) NOT NULL
) ENGINE=InnoDB DEFAULT CHARSET=latin1 COLLATE=latin1_swedish_ci;

--
-- Extraindo dados da tabela `tb_tipo_curso`
--

INSERT INTO `tb_tipo_curso` (`id_tipo_curso`, `tipo_curso`, `id_modalidade`) VALUES
(1, 'Curso Técnico', 1),
(2, 'Curso Rapido', 1),
(3, 'Graduação', 2),
(4, 'Pós/MBA/Mestrado', 2),
(5, '', 3);

--
-- Índices para tabelas despejadas
--

--
-- Índices para tabela `tb_adm`
--
ALTER TABLE `tb_adm`
  ADD PRIMARY KEY (`id_ADM`);

--
-- Índices para tabela `tb_curso`
--
ALTER TABLE `tb_curso`
  ADD PRIMARY KEY (`id_curso`),
  ADD KEY `fk_id_tipo_curso` (`id_tipo_curso`),
  ADD KEY `fk_id_modalidade2` (`id_modalidade`);

--
-- Índices para tabela `tb_lab`
--
ALTER TABLE `tb_lab`
  ADD PRIMARY KEY (`id_lab`);

--
-- Índices para tabela `tb_modalidade`
--
ALTER TABLE `tb_modalidade`
  ADD PRIMARY KEY (`id_modalidade`);

--
-- Índices para tabela `tb_tipo_curso`
--
ALTER TABLE `tb_tipo_curso`
  ADD PRIMARY KEY (`id_tipo_curso`),
  ADD KEY `fk_id_modalidade` (`id_modalidade`);

--
-- AUTO_INCREMENT de tabelas despejadas
--

--
-- AUTO_INCREMENT de tabela `tb_curso`
--
ALTER TABLE `tb_curso`
  MODIFY `id_curso` int(11) NOT NULL AUTO_INCREMENT, AUTO_INCREMENT=67;

--
-- AUTO_INCREMENT de tabela `tb_lab`
--
ALTER TABLE `tb_lab`
  MODIFY `id_lab` int(11) NOT NULL AUTO_INCREMENT, AUTO_INCREMENT=7;

--
-- AUTO_INCREMENT de tabela `tb_tipo_curso`
--
ALTER TABLE `tb_tipo_curso`
  MODIFY `id_tipo_curso` int(11) NOT NULL AUTO_INCREMENT, AUTO_INCREMENT=6;

--
-- Restrições para despejos de tabelas
--

--
-- Limitadores para a tabela `tb_curso`
--
ALTER TABLE `tb_curso`
  ADD CONSTRAINT `fk_id_modalidade2` FOREIGN KEY (`id_modalidade`) REFERENCES `tb_modalidade` (`id_modalidade`) ON DELETE NO ACTION ON UPDATE CASCADE,
  ADD CONSTRAINT `fk_id_tipo_curso` FOREIGN KEY (`id_tipo_curso`) REFERENCES `tb_tipo_curso` (`id_tipo_curso`);

--
-- Limitadores para a tabela `tb_tipo_curso`
--
ALTER TABLE `tb_tipo_curso`
  ADD CONSTRAINT `fk_id_modalidade` FOREIGN KEY (`id_modalidade`) REFERENCES `tb_modalidade` (`id_modalidade`) ON DELETE NO ACTION ON UPDATE NO ACTION;
COMMIT;

/*!40101 SET CHARACTER_SET_CLIENT=@OLD_CHARACTER_SET_CLIENT */;
/*!40101 SET CHARACTER_SET_RESULTS=@OLD_CHARACTER_SET_RESULTS */;
/*!40101 SET COLLATION_CONNECTION=@OLD_COLLATION_CONNECTION */;
